campaign_id,campaign_name,campaign_type,start_date,end_date,target_segment,budget,impressions,clicks,conversions,conversion_rate,roi,campaign_duration_days,start_year,start_month,cost_per_click,cost_per_conversion
0d120125-26cc-4023-9a54-bebbc0159b76,Black Friday Sale 2022,Online Display Ads,2020-09-29,2020-11-13,Southern States,14528.9,740965.0,1189.0,53.0,0.044575273338940284,0.0036479017681999328,45,2020,9,12.219428090832633,274.1301886792453
152bbef1-7ced-46ec-b252-fb396a78261e,Limited Time Promotion 2023,Influencer Marketing,2020-11-12,2020-11-26,Technology Enthusiasts,42749.22,2762249.0,27008.0,634.0,0.023474526066350712,0.014830679951587421,14,2020,11,1.5828354561611375,67.42779179810725
eedd0753-1436-4e7f-8f5f-4a237aa3204a,Back to School Sale 2024,Print Advertisement,2022-03-05,2022-06-03,Seniors (60+),58955.33,3845868.0,25984.0,1235.0,0.047529248768472906,0.020948063559308377,90,2022,3,2.2689089439655175,47.737109311740895
09e1626c-5b59-4fa7-b5e2-a1d1446c9fd9,Weekend Blowout 2020,Email Marketing,2022-03-12,2022-06-10,Technology Enthusiasts,9414.34,707728.0,17802.0,1357.0,0.07622739018087855,0.14414180919745834,90,2022,3,0.5288360858330525,6.9376123802505525
3de639fc-f687-440f-bccf-d3700a3d38b8,Limited Time Special 2021,Print Advertisement,2021-08-12,2021-11-10,Loyal Customers,75307.55,6930900.0,51264.0,1873.0,0.03653636079900125,0.024871344241048872,90,2021,8,1.4690143180399502,40.206914041644424
88edf40b-4452-4d1c-acb8-0bb247a3631c,Exclusive Sale 2023,In-Store Promotion,2020-07-31,2020-08-14,Young Adults (18-25),12049.0,1091120.0,6257.0,2140.0,0.34201694102605085,0.17760810025728277,14,2020,7,1.9256832347770496,5.630373831775701
d6d54343-657a-49d9-8fed-df41758e98b0,Flash Collection 2022,Print Advertisement,2020-12-21,2021-03-21,Home Improvement,50163.7,513631.0,4793.0,164.0,0.03421656582516169,0.003269296323835762,90,2020,12,10.466033799290631,305.8762195121951
81fdabf4-8594-4411-8633-971f52d1d657,Clearance Promotion 2020,Influencer Marketing,2024-09-08,2024-11-07,Technology Enthusiasts,25784.93,835973.0,2791.0,50.0,0.01791472590469366,0.00193911715098703,60,2024,9,9.238599068434253,515.6986
7e3abf5e-aec1-4541-a86b-63f4092f21d7,Flash Discount 2021,Social Media,2023-11-02,2024-01-31,New Customers,14225.53,969605.0,12146.0,163.0,0.013420055985509632,0.01145827255645308,90,2023,11,1.1712110983039685,87.27319018404908
3f2d1ecb-0c9c-442e-bde3-5b31e9ddadf0,Anniversary Deals 2024,Print Advertisement,2023-06-28,2023-08-12,Adults (26-40),51057.91,2959908.0,15916.0,592.0,0.03719527519477256,0.011594677494633054,45,2023,6,3.20796117114853,86.2464695945946
b2c86f77-4ead-42e6-a0f5-67ce532e505c,New Year Special 2022,Email Marketing,2020-03-30,2020-05-14,East Coast,15819.2,75897.0,1291.0,94.0,0.07281177381874517,0.005942146252655002,45,2020,3,12.253446940356314,168.28936170212768
c3820062-46e6-4ab8-9371-94a32ec0afb5,Unknown,Print Advertisement,2024-12-19,2025-02-26,Seniors (60+),78226.78,3602687.0,3602687.0,341.0,9.465157533807406e-05,0.004359121006898149,69,2024,12,0.021713454429985176,229.40404692082112
2cd2db16-9a66-435c-bace-051ecb3d52e3,Black Friday Collection 2022,SMS Marketing,2024-09-12,2024-10-12,Home Improvement,14017.74,824963.0,3551.0,3551.0,1.0,0.25332186215466973,30,2024,9,3.9475471698113207,3.9475471698113207
47e32b9e-062b-4b55-923d-77f542a493e0,Spring Event 2021,Search Engine Marketing,2020-12-08,2021-01-07,New Customers,10185.73,0.0,0.0,0.0,0.0,0.0,30,2020,12,0.0,0.0
c4f080ae-819d-4fee-8a5c-1e541fa45f9f,Clearance Collection 2023,SMS Marketing,2021-06-21,2021-08-05,All Customers,16373.45,773843.0,2760.0,114.0,0.041304347826086954,0.006962491106028357,45,2021,6,5.932409420289855,143.62675438596492
39f72fbb-1bcf-42d1-afcd-9a9641ef9d45,Summer Discount 2020,Social Media,2022-03-01,2022-04-15,In-Store Shoppers,23954.04,1700885.0,17597.0,849.0,0.04824686026027164,0.03544287310199031,45,2022,3,1.361257032448713,28.214416961130745
8254eddc-5377-4bb5-a9d7-322d57e766cb,Black Friday Blowout 2022,TV Advertisement,2021-12-09,2022-02-07,Seniors (60+),132021.22,3191296.0,3191296.0,209.0,6.549063452591048e-05,0.0015830788414165542,60,2021,12,0.04136915535255896,631.6804784688995
448c84c0-741b-4756-8f8f-9cc3a66770de,Limited Time Extravaganza 2023,Online Display Ads,2023-02-11,2023-03-28,Kitchen Enthusiasts,21433.07,1919959.0,4824.0,169.0,0.03503316749585406,0.007885011339952699,45,2023,2,4.443007877280265,126.82289940828402
92c83fcb-6640-47d2-a8a3-f0496eee1af2,Winter Discount 2021,Social Media,2021-09-15,2021-09-29,West Coast,16715.74,1664971.0,12457.0,207.0,0.01661716304086056,0.012383537910974924,14,2021,9,1.3418752508629688,80.75236714975846
35f1e163-cb32-4823-af4f-f6ba6b9de5fa,VIP Promotion 2021,Radio Advertisement,2022-10-03,2022-10-17,Home Improvement,79410.65,4771563.0,17955.0,542.0,0.03018657755499861,0.006825280991907257,14,2022,10,4.422759676970203,146.5141143911439
d911890f-d922-4289-8b5b-5b20dfcf51c3,Black Friday Collection 2023,SMS Marketing,2021-04-24,2021-05-24,Adults (26-40),21853.11,1880866.0,1880866.0,102.0,5.4230338578080524e-05,0.0046675278713190025,30,2021,4,0.011618642689059188,214.24617647058824
0c6ea344-b50d-42e3-bf81-f6927c362e92,Holiday Blowout 2022,SMS Marketing,2023-02-10,2023-05-11,Technology Enthusiasts,25750.57,1440342.0,9768.0,114.0,0.01167076167076167,0.004427086468377205,90,2023,2,2.63621723996724,225.88219298245613
e00fd548-a5a8-40f9-8c52-72c4b34284d4,Black Friday Deals 2020,TV Advertisement,2022-12-23,2022-12-30,Online Shoppers,131257.78,3033564.0,24788.0,529.0,0.02134097143779248,0.004030237293362725,7,2022,12,5.295214619977409,248.12434782608696
726dc70e-4af5-4c70-8e56-e68c98f556a1,Black Friday Sale 2022,Radio Advertisement,2021-03-07,2021-03-21,High-Value Customers,0.0,4841153.0,10317.0,161.0,0.015605311621595425,0.0,14,2021,3,0.0,0.0
3f7fd90c-03ef-4953-91bd-e72397a9eeb2,Weekend Discount 2023,TV Advertisement,2023-02-09,2023-03-26,Online Shoppers,108005.69,8621500.0,48860.0,1626.0,0.03327875562832583,0.015054762392610981,45,2023,2,2.2105135079819895,66.42416359163592
06661374-6b39-443b-b85b-befa20264531,Black Friday Discount 2021,Social Media,2023-12-06,2024-01-20,In-Store Shoppers,35630.2,2515837.0,20529.0,613.0,0.029860197769009694,0.017204506289608255,45,2023,12,1.7356032929027227,58.12430668841761
204ad49f-41a3-4a2b-95d2-60f23f44c6ba,Flash Sale 2021,In-Store Promotion,2024-12-24,2025-01-07,Online Shoppers,6268.59,166072.0,166072.0,210.0,0.0012645117780239897,0.033500356539508884,14,2024,12,0.037746218507635244,29.850428571428573
5dee1c99-b9d9-47ba-b132-1527ce542bf2,Exclusive Blowout 2024,Search Engine Marketing,2023-08-01,2023-08-31,Kitchen Enthusiasts,16876.37,188228.0,6879.0,441.0,0.0641081552551243,0.026131211866058875,30,2023,8,2.453317342637011,38.268412698412696
22fc0845-70cc-4dda-ad0f-1e04db99730c,Weekend Bonanza 2022,Influencer Marketing,2021-05-14,2021-05-28,Home Improvement,46985.84,1385372.0,10899.0,329.0,0.03018625561978163,0.007002109571734804,14,2021,5,4.311023029635746,142.81410334346504
0f9f8235-b50c-4127-937c-5a1a45fd9f71,Fall Sale 2021,Search Engine Marketing,2021-07-31,2021-09-14,Home Improvement,12684.09,748505.0,748505.0,2974.0,0.003973253351681017,0.23446695821300542,45,2021,7,0.01694589882499115,4.264993275050437
adc7ef32-479d-49e2-95cf-258dcb6193b7,Weekend Extravaganza 2023,Radio Advertisement,2021-03-31,2021-04-07,Seniors (60+),59618.56,762891.0,1124.0,45.0,0.0400355871886121,0.0007547985057002383,7,2021,3,53.041423487544485,1324.8568888888888
61d4a246-a511-45e9-a070-c70a2423cc5c,VIP Special 2021,Online Display Ads,2021-09-21,2021-10-05,Kitchen Enthusiasts,21709.49,1576749.0,9504.0,262.0,0.027567340067340067,0.01206845485545722,14,2021,9,2.284247685185185,82.86064885496184
248a17d2-cf4a-41c7-bd29-026b068cac18,Limited Time Bonanza 2021,Print Advertisement,2020-08-05,2020-10-04,Adults (26-40),48248.05,823406.0,5400.0,190.0,0.03518518518518519,0.003937982985840878,60,2020,8,8.934824074074074,253.93710526315792
c97a0509-d382-4561-91ec-a6222a68fd01,Black Friday Special 2020,Influencer Marketing,2022-07-09,2022-07-23,Kitchen Enthusiasts,62819.66,4449491.0,9499.0,189.0,0.01989683124539425,0.0030086122720180274,14,2022,7,6.613291925465838,332.37915343915347
94f7c731-d703-4f45-bea6-8bad1da841fb,Black Friday Extravaganza 2020,Email Marketing,2020-06-15,2020-06-29,West Coast,29567.53,2926153.0,84259.0,3039.0,0.03606736372375651,0.10278166623995985,14,2020,6,0.35091242478548285,9.729361632115827
7d3ac782-2b61-42e6-9ae6-9f5f7b019434,Clearance Event 2021,Email Marketing,2021-10-12,2021-10-26,Home Improvement,0.0,859205.0,24022.0,1143.0,0.047581383731579385,0.0,14,2021,10,0.0,0.0
8b5d0307-5d82-444b-a427-925be4fcfcc3,Black Friday Sale 2021,Influencer Marketing,2021-11-09,2021-12-24,Adults (26-40),49509.08,2855238.0,2935.0,96.0,0.032708688245315164,0.0019390382531850722,45,2021,11,16.868511073253835,515.7195833333334
2985e794-ed8c-46b9-91d1-b052bfdae49a,Flash Extravaganza 2023,Social Media,2021-10-10,2021-10-17,Young Adults (18-25),32328.47,644804.0,4175.0,146.0,0.03497005988023952,0.004516143201333066,7,2021,10,7.743346107784431,221.42787671232878
88c9084c-bc99-445b-98b5-6c3c34259744,Fall Collection 2020,Online Display Ads,2021-02-20,2021-04-21,East Coast,36948.1,1876893.0,2705.0,129.0,0.04768946395563771,0.00349138386006317,60,2021,2,13.659186691312383,286.4193798449612
0c7de89e-aba6-4df6-b76a-d50f3f5fb867,Limited Time Blowout 2020,Search Engine Marketing,2025-01-18,2025-02-26,Middle-aged (41-60),41806.13,3764537.0,3764537.0,30865.0,0.008198883421785999,0.7382888585956174,39,2025,1,0.011105251455889528,1.3544833954317186
73a576ba-7465-44a1-b779-949e87bfc8d8,VIP Bonanza 2024,Influencer Marketing,2020-09-18,2020-11-02,Technology Enthusiasts,57749.11,658882.0,1067.0,30.0,0.028116213683223992,0.0005194885254508684,45,2020,9,54.122877225866915,1924.9703333333334
264f4b08-c816-447e-8e6c-db5b5d7114c5,Exclusive Collection 2024,Unknown,2020-04-19,2020-04-26,Technology Enthusiasts,17138.09,125872.0,3930.0,215.0,0.054707379134860054,0.012545155265260014,7,2020,4,4.360837150127226,79.7120465116279
eae02689-7676-429b-adc9-235703811518,Summer Special 2024,TV Advertisement,2022-06-29,2022-08-28,Midwest,89558.81,4948697.0,18045.0,720.0,0.0399002493765586,0.008039410081487237,60,2022,6,4.963081740094209,124.38723611111111
763bbec3-5737-4e26-bc22-a157d709f264,New Year Bonanza 2023,In-Store Promotion,2024-11-09,2024-12-24,Southern States,25282.6,907743.0,3887.0,1520.0,0.3910470800102907,0.06012039900959554,45,2024,11,6.504399279650116,16.633289473684208
aa0f2ebc-4d9c-4493-9d2f-ce80fa729982,Exclusive Bonanza 2022,Print Advertisement,2022-12-20,2023-01-03,Kitchen Enthusiasts,43309.54,3342409.0,12703.0,428.0,0.03369282846571676,0.009882349246840304,14,2022,12,3.4093946311894827,101.19051401869159
597f3c44-49c9-4d2a-bddd-8c616934c8f6,Black Friday Extravaganza 2023,Influencer Marketing,2023-09-27,2023-10-11,High-Value Customers,21197.95,1945452.0,8896.0,93.0,0.010454136690647481,0.00438721668840619,14,2023,9,2.3828630845323744,227.93494623655914
751d87f4-c7d1-4923-bd08-44963e0eab4b,Anniversary Special 2023,TV Advertisement,2023-06-07,2023-06-14,Middle-aged (41-60),130993.67,3124120.0,14219.0,586.0,0.04121246219846684,0.0044734986049325895,7,2023,6,9.212579646951262,223.53868600682594
8f8cbdaf-da5f-478e-99a6-bd36ffe08e77,Exclusive Promotion 2023,SMS Marketing,2023-11-27,2023-12-27,Kitchen Enthusiasts,26727.1,1686883.0,12059.0,472.0,0.03914089062111286,0.017659978074688238,30,2023,11,2.216361223982088,56.62521186440678
a46c8f76-c7e4-43fb-bcea-3b134178e7fb,Holiday Collection 2020,Search Engine Marketing,2022-03-03,2022-03-10,New Customers,18066.65,721363.0,38987.0,3916.0,0.10044373765614178,0.21675296748428732,7,2022,3,0.4634019031985021,4.613546986721144
f9fcda00-bff1-469d-a688-1b1ff553402b,Holiday Bonanza 2022,In-Store Promotion,2024-11-22,2024-11-29,All Customers,8661.33,299407.0,299407.0,195.0,0.0006512873780506133,0.02251386334431317,7,2024,11,0.028928281569903173,44.41707692307692
a43e8a8c-0f96-40c2-9456-b6cdff6afac3,Weekend Collection 2020,Influencer Marketing,2022-10-24,2022-12-08,Southern States,70281.03,2467489.0,7328.0,336.0,0.04585152838427948,0.0047808064281357286,45,2022,10,9.59075191048035,209.16973214285713
54560f9e-114a-41da-9775-ae932ea549cb,New Year Sale 2020,Search Engine Marketing,2024-03-26,2024-05-25,Inactive Customers,47180.97,2526923.0,149983.0,21705.0,0.1447164011921351,0.4600371717664982,60,2024,3,0.31457545188454694,2.173737387698687
ab819a82-dc51-4f12-b44f-9cc694bf2fab,New Year Collection 2021,Radio Advertisement,2021-06-17,2021-06-24,East Coast,125362.02,1140443.0,9844.0,108.0,0.010971149939049168,0.000861504943841843,7,2021,6,12.734865908167412,1160.7594444444444
0a6c0dfa-8740-4ced-8d20-08ed838e912c,New Year Event 2021,In-Store Promotion,2020-12-14,2021-02-12,Young Adults (18-25),5011.24,409539.0,2871.0,649.0,0.2260536398467433,0.12950886407356263,60,2020,12,1.7454684778822709,7.721479198767334
6d7d439f-f794-4254-a356-3ee927853d78,Black Friday Extravaganza 2022,Online Display Ads,2020-04-14,2020-04-28,East Coast,45314.64,1026072.0,6765.0,324.0,0.04789356984478936,0.00715000715000715,14,2020,4,6.69839467849224,139.85999999999999
f9a3dcc4-9d7d-427b-badf-0a4f3d531290,Fall Promotion 2022,Online Display Ads,2023-12-29,2024-02-27,Adults (26-40),33128.5,1151619.0,2404.0,38.0,0.015806988352745424,0.0011470486137313794,60,2023,12,13.78057404326123,871.8026315789474
91043867-83ed-4bca-8a7e-1ab64d71a506,Back to School Deals 2021,Online Display Ads,2024-05-27,2024-07-26,Inactive Customers,13175.08,219826.0,1731.0,49.0,0.02830733679953784,0.003719142502360517,60,2024,5,7.611253610629694,268.8791836734694
4e5f1839-4d4a-43f4-acd5-25ae20c459e9,Clearance Collection 2021,Influencer Marketing,2022-05-13,2022-08-11,In-Store Shoppers,0.0,1982184.0,12377.0,433.0,0.034984244970509816,0.0,90,2022,5,0.0,0.0
7f4c23bf-74f0-4ee7-8dab-2872ca4234fc,Clearance Promotion 2021,TV Advertisement,2021-01-04,2021-01-18,Inactive Customers,199238.42,10615343.0,42286.0,1149.0,0.027172113701934446,0.005766960007010696,14,2021,1,4.711687556165161,173.40158398607485
45bf7496-7f94-4163-ad86-d1c8b6a88c8a,Flash Bonanza 2023,Radio Advertisement,2023-02-18,2023-03-20,Southern States,100404.11,2770852.0,13359.0,453.0,0.03390972378172019,0.004511767496370418,30,2023,2,7.515840257504304,221.64262693156732
0be68843-5882-41f2-aafb-d95717708498,Black Friday Special 2023,Print Advertisement,2023-11-10,2024-02-08,Online Shoppers,68823.27,3566015.0,21611.0,732.0,0.033871639442876314,0.010635937525200414,90,2023,11,3.184640692240063,94.0208606557377
731c46c4-396e-4c7e-91fb-6af66add3f04,VIP Collection 2024,Radio Advertisement,2020-05-20,2020-05-27,East Coast,142087.32,3028378.0,9504.0,182.0,0.01914983164983165,0.0012809024760267137,7,2020,5,14.950265151515152,780.6995604395605
8a7e3b53-8386-42a8-a3b8-8a3c13071bbf,New Year Discount 2024,Print Advertisement,2022-08-03,2022-10-02,High-Value Customers,79211.67,4471886.0,30902.0,992.0,0.032101482104718145,0.012523407220173493,60,2022,8,2.5633185554333053,79.85047379032258
a64e4f51-0641-41ed-8966-522bb13a1b65,Anniversary Bonanza 2024,In-Store Promotion,2021-03-07,2021-06-05,Seniors (60+),24741.23,748664.0,6521.0,1724.0,0.2643766293513265,0.06968125675239267,90,2021,3,3.794085262996473,14.351061484918793
b2561359-bc93-47e4-a45c-9ae50248a610,Anniversary Event 2024,In-Store Promotion,2021-02-01,2021-03-18,East Coast,25694.56,1076214.0,5814.0,1421.0,0.24441004471964226,0.05530353506734499,45,2021,2,4.419428964568284,18.082026741731177
49fe99c6-27c7-4a41-8ae7-c81a49bec3d5,Unknown,TV Advertisement,2020-05-19,2020-08-17,East Coast,103900.72,622957.0,2519.0,38.0,0.015085351329892815,0.0003657337504494675,90,2020,5,41.24681222707424,2734.2294736842105
cf2dfa54-404c-4418-8722-50131382926b,Winter Promotion 2022,Unknown,2020-10-27,2021-01-25,East Coast,26701.68,254493.0,845.0,216.0,0.2556213017751479,0.008089378645838015,90,2020,10,31.599621301775148,123.61888888888889
fe321409-61d2-4f38-926b-effe7bbcaa36,Exclusive Sale 2020,In-Store Promotion,2023-01-17,2023-02-16,Seniors (60+),10475.28,916302.0,1955.0,641.0,0.3278772378516624,0.0611916817497957,30,2023,1,5.358199488491049,16.342090483619344
162cf546-eb1a-4abc-84d6-591b203a1095,VIP Blowout 2024,Social Media,2021-05-24,2021-06-23,Kitchen Enthusiasts,12237.21,1048047.0,19293.0,19293.0,1.0,1.5765848588036,30,2021,5,0.6342823822111646,0.6342823822111646
047c8f98-2a6c-44e2-b009-73ec399bb262,Back to School Collection 2022,Email Marketing,2023-02-20,2023-03-22,Online Shoppers,24505.04,1212342.0,39283.0,2612.0,0.06649186671079092,0.10659031774687983,30,2023,2,0.6238077539902757,9.381715160796325
a3129848-1b75-43db-9547-dad305e5e5c0,Exclusive Special 2020,In-Store Promotion,2024-05-24,2024-08-22,Inactive Customers,14376.99,806674.0,7766.0,2920.0,0.3759979397373165,0.2031023183573196,90,2024,5,1.8512734998712335,4.923626712328767
e43e98ec-64be-4725-96f1-1621289bacb8,Winter Collection 2022,SMS Marketing,2024-01-02,2024-01-16,Loyal Customers,13080.46,396544.0,699.0,21.0,0.030042918454935622,0.0016054481264420365,14,2024,1,18.71310443490701,622.8790476190476
01cf81a9-23b8-46ee-810b-14ecc90e8d02,Back to School Deals 2022,Radio Advertisement,2024-09-19,2024-11-03,East Coast,108048.97,5750593.0,5750593.0,1203.0,0.0002091958168488015,0.011133840516943383,45,2024,9,0.018789187480317247,89.8162676641729
38d960e0-eb21-4aa2-b4e1-4783085bfa81,Fall Event 2022,Search Engine Marketing,2020-06-25,2020-08-24,New Customers,25310.65,1782598.0,69846.0,7749.0,0.11094407696933253,0.30615570915800266,60,2020,6,0.36237794576640037,3.266311782165441
d9dd9e70-e314-460c-96d8-f315db289480,New Year Special 2022,TV Advertisement,2023-05-07,2023-07-06,Midwest,65507.83,769782.0,2197.0,88.0,0.04005461993627674,0.0013433508635532576,60,2023,5,29.81694583522986,744.4071590909091
25934dac-0eac-47e8-bc4a-7ee588fdc8e1,Limited Time Sale 2021,Online Display Ads,2021-11-01,2021-12-31,Online Shoppers,13865.94,382968.0,1738.0,37.0,0.021288837744533946,0.0026684090656673835,60,2021,11,7.978101265822785,374.75513513513516
80108080-3ce9-4cb2-8430-5b577f768c73,Holiday Deals 2023,Influencer Marketing,2023-07-23,2023-09-06,Technology Enthusiasts,48103.87,926913.0,6539.0,323.0,0.04939593209970944,0.006714636473115364,45,2023,7,7.3564566447469035,148.92839009287925
038bb346-9db6-4560-ba78-27b418c966ac,Exclusive Extravaganza 2024,Radio Advertisement,2021-05-01,2021-07-30,Inactive Customers,111146.5,554209.0,766.0,12.0,0.015665796344647518,0.0001079656129522747,90,2021,5,145.09986945169712,9262.208333333334
854871f9-ee3b-4c7d-8ea4-cd70ad409988,Summer Deals 2022,Search Engine Marketing,2024-03-29,2024-05-13,New Customers,38589.07,414932.0,24128.0,3220.0,0.13345490716180372,0.08344331698068909,45,2024,3,1.5993480603448276,11.984183229813665
786abd6d-e85c-48da-9707-7137892d3997,Flash Sale 2020,Online Display Ads,2021-08-18,2021-09-01,Loyal Customers,44696.86,3883473.0,3883473.0,859.0,0.00022119376135742414,0.019218352251142472,14,2021,8,0.011509507082964141,52.03359720605355
8af947d0-9a2a-4bb1-8083-e91c1e0c44bd,Winter Special 2022,Email Marketing,2021-05-21,2021-05-28,Seniors (60+),25166.69,2067108.0,81859.0,4346.0,0.05309129112253998,0.1726885816132356,7,2021,5,0.3074394996274081,5.790770823745973
4a28fb0a-3344-480c-87cf-1c922e1f2a99,Holiday Discount 2022,Search Engine Marketing,2023-10-20,2023-11-03,Technology Enthusiasts,35260.38,673406.0,52798.0,5912.0,0.11197393840675783,0.1676669394941291,14,2023,10,0.6678355240728815,5.9642050067659
13458b14-1d05-479d-9a20-4fb8d1db50f2,VIP Extravaganza 2022,Influencer Marketing,2024-08-19,2024-10-18,Middle-aged (41-60),34572.01,1135683.0,10312.0,220.0,0.021334367726920093,0.006363529340642907,60,2024,8,3.3525998836307216,157.1455
5f0e7e89-9fc0-41b3-9905-65cef461279d,Black Friday Collection 2023,Influencer Marketing,2024-06-16,2024-06-30,West Coast,74194.26,4278738.0,33109.0,1523.0,0.045999577154248086,0.02052719442177872,14,2024,6,2.240909118366607,48.715863427445825
e61f0601-01f3-491e-bccc-bd0bf9d32fe6,Clearance Special 2020,SMS Marketing,2020-05-10,2020-05-24,East Coast,28644.94,1276888.0,11005.0,390.0,0.03543843707405725,0.013614970043574887,14,2020,5,2.602902317128578,73.4485641025641
9685fc9f-03c9-4ebe-a56a-bcc25216546a,Anniversary Event 2020,Social Media,2020-06-05,2020-09-03,Young Adults (18-25),11643.06,385074.0,5337.0,139.0,0.026044594341390295,0.01193844229953294,90,2020,6,2.181573917931422,83.76302158273381
72eb7c25-2d02-463f-9e38-76ddb236354e,Fall Bonanza 2024,Print Advertisement,2024-04-18,2024-04-25,All Customers,50831.2,3665422.0,23811.0,23811.0,1.0,0.4684327735721368,7,2024,4,2.134778043761287,2.134778043761287
91a1bb69-78ed-42c9-810a-69a31d97bb5c,Back to School Bonanza 2024,In-Store Promotion,2024-10-06,2024-11-05,East Coast,12656.4,1086381.0,5198.0,1409.0,0.27106579453636015,0.11132707562972094,30,2024,10,2.4348595613697577,8.982540809084457
69febf17-1e71-403a-9fc0-5d9fe06cd3e6,New Year Promotion 2021,In-Store Promotion,2022-12-24,2023-01-07,High-Value Customers,24340.88,319196.0,1146.0,230.0,0.2006980802792321,0.009449124271595768,14,2022,12,21.239860383944155,105.82991304347827
3398c829-9f8a-4aef-b771-41e37228f98f,Limited Time Event 2023,Social Media,2023-09-26,2023-10-26,Southern States,15025.04,677445.0,12772.0,491.0,0.038443470090823675,0.032678781553992536,30,2023,9,1.1764046351393673,30.600896130346236
aa2660d4-9e7f-4c5d-a8a2-46b4abf953d4,Spring Promotion 2024,Print Advertisement,2020-06-22,2020-09-20,Loyal Customers,54228.74,5181268.0,20771.0,515.0,0.024794184199123777,0.009496809256493882,90,2020,6,2.6107910066920224,105.29852427184466
235d978a-91d1-40b4-be70-785d49a1878a,Exclusive Blowout 2021,Search Engine Marketing,2020-07-15,2020-08-14,All Customers,35931.32,2952329.0,165028.0,12200.0,0.0739268487771772,0.3395366493632853,30,2020,7,0.21772862786921007,2.9451901639344262
3542e4e4-d7cf-4e9e-8473-93078811b170,Summer Event 2021,Online Display Ads,2020-03-04,2020-05-03,Loyal Customers,36137.98,1722516.0,4675.0,118.0,0.025240641711229948,0.0032652627512661193,60,2020,3,7.730049197860963,306.2540677966102
8b7bed1f-75b3-41b8-99e7-f6b2e0939ba7,Exclusive Bonanza 2023,Influencer Marketing,2023-05-04,2023-06-03,Middle-aged (41-60),58672.4,2554191.0,6413.0,143.0,0.022298456260720412,0.0024372618130500882,30,2023,5,9.148978637143303,410.29650349650353
1eb5ec7f-abfc-4f66-9064-b3fd95d1a195,New Year Bonanza 2021,In-Store Promotion,2020-10-14,2020-10-21,In-Store Shoppers,20549.06,117250.0,741.0,209.0,0.28205128205128205,0.01017078153453248,7,2020,10,27.73152496626181,98.32086124401914
27c4c42d-e3ee-4e84-967d-1b1fe09fbd5e,Summer Bonanza 2022,Radio Advertisement,2024-01-17,2024-01-31,Kitchen Enthusiasts,99933.7,7323201.0,57645.0,950.0,0.016480180414606645,0.009506302678675962,14,2024,1,1.7336056899991326,105.19336842105263
9ff8aa36-1007-4099-a5bd-fe3344772484,Summer Event 2022,Unknown,2020-06-01,2020-07-01,Southern States,24548.16,271129.0,3542.0,155.0,0.04376058723884811,0.006314118858602845,30,2020,6,6.930592885375494,158.37522580645162
489afdcd-64a1-486b-818e-37185bf87352,Winter Deals 2022,Online Display Ads,2024-10-05,2024-10-12,West Coast,35956.61,3103285.0,19735.0,936.0,0.0474284266531543,0.02603137503785813,7,2024,10,1.8219716240182418,38.41518162393162
fdd902d9-c6af-42b8-9cd0-89414c896c4b,Flash Event 2024,Email Marketing,2025-01-13,2025-01-20,Southern States,19446.17,1537250.0,56055.0,2490.0,0.04442065828204442,0.12804577970880643,7,2025,1,0.3469123182588529,7.8097068273092365
6e279f55-d2e0-4540-916f-eb9017d0662b,Clearance Discount 2022,Online Display Ads,2020-09-05,2020-09-12,All Customers,21727.91,2153624.0,16545.0,639.0,0.038621940163191294,0.029409179253780046,7,2020,9,1.3132614082804472,34.00298904538341
91188f4f-426a-492b-b6b0-5783a8142306,Winter Special 2020,Radio Advertisement,2021-08-12,2021-08-26,High-Value Customers,66286.5,4869810.0,44210.0,2036.0,0.04605292920153811,0.03071515316090003,14,2021,8,1.499355349468446,32.55722003929273
736327b2-acd1-4006-b381-7475c5c1d908,VIP Bonanza 2022,TV Advertisement,2022-08-22,2022-11-20,Midwest,124039.19,4935110.0,5868.0,251.0,0.04277436946148602,0.002023554007406853,90,2022,8,21.13823960463531,494.18003984063745
34336829-01bb-4bf9-b3a4-eac2cea4f5d5,Unknown,Print Advertisement,2024-05-20,2024-07-04,Seniors (60+),77582.85,6531963.0,20489.0,719.0,0.03509200058568012,0.009267512085467342,45,2024,5,3.786561081555957,107.90382475660641
d1b8ef62-c3eb-40e4-9b8d-7cca2d10e749,Limited Time Deals 2023,Email Marketing,2022-08-10,2022-09-24,Young Adults (18-25),6995.41,363471.0,11525.0,376.0,0.03262472885032538,0.05374953004898927,45,2022,8,0.6069770065075922,18.604813829787233
44febcdd-01e2-4d69-94e0-34ed804d8488,Spring Special 2023,Radio Advertisement,2024-10-16,2024-11-15,Home Improvement,53108.96,1254433.0,7481.0,332.0,0.044379093704050264,0.006251299215800875,30,2024,10,7.099179254110413,159.9667469879518
e19a9899-afca-432f-bf89-9503b89bd983,Limited Time Event 2022,Search Engine Marketing,2021-02-01,2021-05-02,Online Shoppers,31059.19,455153.0,22523.0,1542.0,0.06846334857701017,0.04964714147406935,90,2021,2,1.378998801225414,20.142146562905317
a910a5e0-b762-4ea7-a49e-80c707c0147b,Spring Promotion 2024,Radio Advertisement,2023-05-14,2023-06-28,In-Store Shoppers,120819.71,4050106.0,40371.0,1671.0,0.0413910975700379,0.013830524837379597,45,2023,5,2.99273513165391,72.30383602633154
bc514826-162e-486b-b12b-19796857e2dc,Back to School Deals 2020,Print Advertisement,2020-08-18,2020-09-01,Technology Enthusiasts,28574.47,1484317.0,11671.0,284.0,0.024333818867277868,0.00993894199962414,14,2020,8,2.4483309056636107,100.6143309859155
23f8b4b2-ed67-41ee-960e-34670298be1c,Flash Deals 2022,Email Marketing,2023-11-28,2023-12-12,Southern States,27387.63,2609904.0,85870.0,5872.0,0.06838243856993129,0.21440336385441164,14,2023,11,0.31894293699778736,4.664105926430518
2cac3e91-4a45-42e8-b683-6f5e697718b2,Fall Discount 2021,SMS Marketing,2023-05-03,2023-07-02,Kitchen Enthusiasts,22308.87,62998.0,452.0,16.0,0.035398230088495575,0.000717203515910936,60,2023,5,49.355907079646016,1394.304375
0796583d-28a2-4336-9ff0-081c519ad815,Fall Special 2023,TV Advertisement,2022-03-25,2022-05-09,Adults (26-40),62770.27,4124308.0,22385.0,705.0,0.03149430422157695,0.011231431695291418,45,2022,3,2.804121956667411,89.0358439716312
b9bcbbf1-8a52-44b0-8c2d-9f0db6da72ad,Summer Bonanza 2022,Social Media,2022-02-27,2022-05-28,High-Value Customers,30911.91,1480260.0,28855.0,844.0,0.02924969675966037,0.027303392122971372,90,2022,2,1.0712843527984752,36.62548578199052
a553cf2b-6b39-4759-a83b-1af013554356,New Year Discount 2024,In-Store Promotion,2021-05-22,2021-06-21,West Coast,26678.98,1840051.0,1840051.0,4583.0,0.0024906918340850334,0.17178317911704272,30,2021,5,0.01449904377650402,5.821291730307658
21ffa1be-f531-4aa2-97a3-3bcd4739eb9a,Weekend Bonanza 2024,Print Advertisement,2024-10-31,2024-11-30,Middle-aged (41-60),74682.39,2780134.0,6892.0,166.0,0.0240858966918166,0.002222746219021646,30,2024,10,10.836098374927452,449.8939156626506
e9a4506a-a592-4914-a71b-4601082515a6,Weekend Collection 2024,Print Advertisement,2021-08-05,2021-10-04,New Customers,25394.1,2310050.0,7508.0,291.0,0.038758657432072456,0.011459354732004679,60,2021,8,3.382272242940863,87.26494845360824
ad77a131-c901-465e-9139-65476a966592,Limited Time Bonanza 2020,TV Advertisement,2021-10-30,2022-01-28,Technology Enthusiasts,190445.44,6615617.0,44488.0,861.0,0.019353533537133608,0.004520979866989727,90,2021,10,4.280827189354433,221.19098722415796
5bd58ad4-d87b-43d4-8186-19c8261e32c7,Holiday Collection 2023,In-Store Promotion,2023-11-21,2023-11-28,All Customers,7049.21,576291.0,1133.0,361.0,0.31862312444836716,0.051211412342659676,7,2023,11,6.221721094439541,19.52689750692521
d7367c3f-4bfe-4433-8007-268d4cc77c5c,VIP Special 2022,Social Media,2024-04-25,2024-06-24,East Coast,28914.44,2829480.0,50987.0,1744.0,0.03420479730127288,0.060315883689948696,60,2024,4,0.5670943573852159,16.579380733944955
892301ca-40af-4858-9ee1-f895a303d4f0,Exclusive Bonanza 2024,Unknown,2023-03-05,2023-03-12,Adults (26-40),21566.18,1783369.0,9037.0,2638.0,0.291911032422264,0.12232115284208886,7,2023,3,2.386431337833352,8.175200909780136
b8499835-5146-4e73-b610-1c22175302aa,Limited Time Blowout 2024,Online Display Ads,2021-10-16,2021-12-15,Middle-aged (41-60),19959.38,931021.0,5070.0,154.0,0.030374753451676527,0.007715670526840012,60,2021,10,3.93676134122288,129.60636363636365
ec81ef16-c7f3-47a3-93ce-f4f31045269e,Weekend Special 2021,Print Advertisement,2024-03-13,2024-04-27,Loyal Customers,32511.89,1766305.0,3813.0,173.0,0.045371098872279046,0.0053211302080561915,45,2024,3,8.526590611067402,187.93
7b6cb69a-7e91-49c7-9454-27800056aada,Anniversary Promotion 2024,SMS Marketing,2024-05-25,2024-06-24,Young Adults (18-25),24049.86,2229022.0,9267.0,291.0,0.03140174813855617,0.012099862535582328,30,2024,5,2.5952152800258985,82.64556701030928
b61737de-8349-4e4f-82fe-f502c7fd18c3,Weekend Event 2021,TV Advertisement,2021-07-29,2021-08-05,Middle-aged (41-60),182981.44,17340675.0,31806.0,1292.0,0.04062126642771804,0.007060825403931678,7,2021,7,5.753047852606427,141.62650154798763
840728c1-a06b-4026-b7c8-f27d7212d824,Black Friday Blowout 2021,Radio Advertisement,2020-11-08,2020-11-22,Adults (26-40),160998.44,9995958.0,99572.0,1970.0,0.019784678423653237,0.012236143406110022,14,2020,11,1.6169047523400153,81.7250964467005
9d353d4f-ae43-43fc-a345-68cdf66c59d2,Holiday Event 2023,Radio Advertisement,2022-11-19,2023-01-03,Adults (26-40),51215.09,1934603.0,18822.0,848.0,0.04505366060992456,0.016557620029565505,45,2022,11,2.7210227393475717,60.395153301886786
f3828530-dd86-4772-a498-b577d538f459,Holiday Deals 2022,Search Engine Marketing,2024-11-07,2024-12-07,Home Improvement,38661.94,1634263.0,70753.0,70753.0,1.0,1.8300426724577192,30,2024,11,0.5464353454977174,0.5464353454977174
3927eedc-9ae4-4ca6-9020-6ca4278047e2,Holiday Bonanza 2020,Email Marketing,2023-02-21,2023-03-23,Midwest,6885.89,407681.0,10317.0,668.0,0.06474750411941456,0.09700997256709008,30,2023,2,0.6674314238635263,10.308218562874252
1c0e15da-d05b-4c52-b766-a4022ff2db2e,Anniversary Event 2024,Influencer Marketing,2022-11-08,2022-11-22,High-Value Customers,58081.36,5436932.0,40815.0,939.0,0.023006247703050348,0.016166976806328226,14,2022,11,1.4230395687859856,61.854483493077744
3f9103f4-f252-47bf-be20-980f892443dd,Summer Bonanza 2021,Online Display Ads,2024-04-26,2024-06-25,High-Value Customers,27051.81,2422681.0,11194.0,112.0,0.010005360014293372,0.004140203557543839,60,2024,4,2.4166348043594783,241.53401785714286
7541a068-d558-42f2-888a-511f728b9ac6,Exclusive Promotion 2022,Radio Advertisement,2022-04-21,2022-04-28,Loyal Customers,91227.42,4487914.0,29410.0,1322.0,0.04495069704182251,0.014491257124228659,7,2022,4,3.101918395103706,69.00712556732223
39252361-8471-4883-bc9a-18b35de7570a,Anniversary Promotion 2023,Print Advertisement,2023-07-24,2023-07-31,West Coast,36208.23,2066219.0,9497.0,194.0,0.020427503422133304,0.005357897914369191,7,2023,7,3.812596609455618,186.6403608247423
eff0fa9f-7d20-46cc-89d6-6cba7e20062d,Anniversary Special 2022,SMS Marketing,2021-07-29,2021-09-12,Kitchen Enthusiasts,19926.02,1083610.0,4999.0,185.0,0.03700740148029606,0.00928434278395786,45,2021,7,3.986001200240048,107.70821621621621
20fe4ca5-c178-4603-91d0-10cca9b0efbb,Weekend Collection 2024,In-Store Promotion,2023-01-19,2023-03-20,Kitchen Enthusiasts,18484.93,319900.0,1446.0,319.0,0.2206085753803596,0.017257300947312215,60,2023,1,12.783492392807746,57.946489028213165
e53690fb-4e3d-410b-ac37-a3f03f808530,Winter Promotion 2021,Online Display Ads,2022-10-04,2022-10-11,Loyal Customers,45597.13,1164240.0,5829.0,190.0,0.03259564247726883,0.004166928927325031,7,2022,10,7.822461828787098,239.98489473684208
bad58a6a-51b7-4b82-93cd-f199baf8c4e0,Spring Event 2023,Radio Advertisement,2021-01-04,2021-01-18,Middle-aged (41-60),76717.41,1628488.0,14408.0,640.0,0.04441976679622432,0.008342304569458224,14,2021,1,5.324639783453637,119.870953125
54265cb6-3bf8-4e6b-b978-5f3af3f84d87,Exclusive Collection 2021,SMS Marketing,2021-12-22,2022-01-21,Kitchen Enthusiasts,26011.18,989270.0,6728.0,81.0,0.012039239001189061,0.0031140455757870267,30,2021,12,3.8661087990487517,321.1256790123457
818079e3-9dec-4d6f-bc35-ac7e2f98ec04,Black Friday Promotion 2020,Print Advertisement,2023-05-22,2023-05-29,West Coast,75733.87,0.0,0.0,0.0,0.0,0.0,7,2023,5,0.0,0.0
6a34ca6c-b4eb-4a22-86ab-4142d2ba5b37,Limited Time Extravaganza 2023,Search Engine Marketing,2024-08-12,2024-10-11,West Coast,17402.4,1580372.0,84823.0,5543.0,0.06534784197682232,0.3185192846963637,60,2024,8,0.20516133595840752,3.1395273317698
6402f7d9-e0fc-44e4-8f71-f880497b3e6d,Unknown,SMS Marketing,2023-02-25,2023-03-27,In-Store Shoppers,8468.46,384380.0,1115.0,19.0,0.017040358744394617,0.002243619264895861,30,2023,2,7.595031390134529,445.70842105263154
07ed1233-fa8f-482e-b347-f0c281020509,Winter Promotion 2024,Radio Advertisement,2022-01-22,2022-03-08,Home Improvement,174365.11,4707282.0,43825.0,2130.0,0.04860239589275528,0.012215746602058177,45,2022,1,3.9786676554478033,81.86155399061032
aa60967c-abe6-4c1d-a73b-f6bd869a322d,Fall Promotion 2020,Print Advertisement,2022-09-05,2022-10-20,Southern States,36526.94,0.0,0.0,0.0,0.0,0.0,45,2022,9,0.0,0.0
a396a8e8-7901-43b9-b6bc-041eaee364bd,Fall Extravaganza 2021,Print Advertisement,2024-05-06,2024-06-20,New Customers,0.0,4461354.0,27541.0,27541.0,1.0,0.0,45,2024,5,0.0,0.0
b7c08521-1577-44d7-9d8e-c40a7afd9f7b,Black Friday Deals 2024,Online Display Ads,2022-12-10,2023-01-09,Technology Enthusiasts,47318.31,3019390.0,8619.0,182.0,0.021116138763197588,0.0038462912136971927,30,2022,12,5.489999999999999,259.99071428571426
784b6f62-4b08-4937-8a42-d216096b4c57,Weekend Bonanza 2021,Online Display Ads,2020-12-08,2020-12-15,High-Value Customers,31615.0,2445884.0,19018.0,877.0,0.046114207592806815,0.02773999683694449,7,2020,12,1.6623724892207383,36.04903078677309
b7a5e0eb-9070-4bd4-a75d-87abf84136aa,Anniversary Discount 2023,Influencer Marketing,2021-01-28,2021-04-28,Young Adults (18-25),55818.95,2577054.0,17162.0,480.0,0.02796876820883347,0.008599230189747389,90,2021,1,3.2524734879384685,116.28947916666667
500eb2cd-30af-49e0-8947-cbbdf7bd9819,Holiday Event 2022,Online Display Ads,2022-06-14,2022-06-28,Technology Enthusiasts,12099.25,65978.0,618.0,12.0,0.019417475728155338,0.0009917970122115007,14,2022,6,19.57807443365696,1008.2708333333334
03731181-15a1-41c1-88f5-72fe61631306,Back to School Bonanza 2023,In-Store Promotion,2022-08-19,2022-08-26,All Customers,26870.63,2322952.0,21235.0,5728.0,0.2697433482458206,0.2131695460806092,7,2022,8,1.2653934542029668,4.691101606145252
50421298-a79c-4bf7-aa50-313122446963,Fall Promotion 2024,TV Advertisement,2022-08-16,2022-09-30,Online Shoppers,66486.45,4104122.0,37842.0,1502.0,0.03969134823740817,0.022591069308107142,45,2022,8,1.756948628508007,44.26527962716378
f032d2bb-a307-4f8a-b1d5-0d5d94059247,Exclusive Event 2020,Email Marketing,2021-03-08,2021-03-22,In-Store Shoppers,16863.87,1358141.0,36788.0,936.0,0.02544307926497771,0.055503274159490086,14,2021,3,0.4584068174404697,18.016955128205126
48ddef4d-27dd-4b5c-b804-2f0756a338e0,Holiday Promotion 2024,TV Advertisement,2021-03-08,2021-06-06,East Coast,184381.09,0.0,0.0,0.0,0.0,0.0,90,2021,3,0.0,0.0
65573b18-ab8e-4307-8215-33eed0ff5255,Winter Special 2020,SMS Marketing,2020-10-31,2020-11-14,New Customers,15812.09,530881.0,5147.0,251.0,0.04876627161453274,0.015873929379354657,14,2020,10,3.072098309694968,62.99637450199203
91a8a684-1172-4a3d-a919-eb2db7f95bff,Summer Promotion 2023,Radio Advertisement,2022-09-12,2022-11-11,In-Store Shoppers,155319.11,7795559.0,69793.0,1394.0,0.019973349762870202,0.00897507074306568,60,2022,9,2.2254253291877406,111.41973457675752
a6949910-e478-4253-9292-fe1968908658,Fall Promotion 2023,Online Display Ads,2021-07-10,2021-07-24,Seniors (60+),40904.42,3773719.0,21213.0,625.0,0.029463065101588647,0.015279522359686314,14,2021,7,1.9282713430443594,65.44707199999999
af8996a0-16b2-46ab-a0df-bbace2347750,Flash Promotion 2024,Search Engine Marketing,2023-06-17,2023-08-01,Home Improvement,10384.13,763980.0,25949.0,2734.0,0.10536051485606382,0.26328638027451506,45,2023,6,0.4001745732012794,3.7981455742501824
37d9b67d-5e0c-43e7-a6e2-03e530cd0f17,Exclusive Sale 2021,Email Marketing,2022-08-21,2022-08-28,Adults (26-40),7186.61,111118.0,2268.0,70.0,0.030864197530864196,0.009740336542542312,7,2022,8,3.1686992945326278,102.66585714285713
ed3a2d04-c6d0-442d-8bbd-2074269b8e09,Spring Event 2024,TV Advertisement,2022-10-10,2022-11-24,Kitchen Enthusiasts,104643.17,8395186.0,65443.0,2916.0,0.04455785951133047,0.02786612829102941,45,2022,10,1.5989971425515335,35.88586076817558
de18d3d0-222f-443b-b26f-a71728b688b7,Limited Time Collection 2022,Radio Advertisement,2023-10-01,2023-11-15,Southern States,81799.11,6715314.0,31419.0,823.0,0.026194341003851172,0.010061234162572184,45,2023,10,2.6034918361501003,99.39138517618468
9f255da5-f0e4-46d9-910a-8deae4fe01cc,Unknown,Unknown,2024-06-30,2024-09-28,Young Adults (18-25),131083.96,8152806.0,47144.0,2123.0,0.04503224164262685,0.0161957267693164,90,2024,6,2.780501442389275,61.744682053697595
06ba20c8-d222-4dbf-a1b5-c9ecc3e8db3d,New Year Special 2024,Influencer Marketing,2020-07-14,2020-07-28,Seniors (60+),28530.21,1953081.0,6346.0,222.0,0.03498266624645446,0.0077812255850903305,14,2020,7,4.495778443113772,128.51445945945946
fdc3fc9c-58a8-4a58-8b6f-bd1cf56baa77,New Year Promotion 2020,In-Store Promotion,2024-03-20,2024-04-19,East Coast,16531.42,1390451.0,12961.0,2986.0,0.2303834580665072,0.18062574176930962,30,2024,3,1.275474114651647,5.536309444072337
c3e21ace-8fb1-46d6-b95a-e385f8afeb75,Anniversary Blowout 2023,In-Store Promotion,2024-12-04,2025-01-18,Midwest,11616.93,346329.0,3065.0,780.0,0.2544861337683524,0.06714338469802263,45,2024,12,3.790189233278956,14.8935
c41f7d29-72bb-4a9e-9f8f-b5fa7b6f594f,Limited Time Bonanza 2022,Search Engine Marketing,2022-11-22,2023-01-21,All Customers,27202.83,1721721.0,116252.0,12423.0,0.10686267763135258,0.4566804262644732,60,2022,11,0.23399881292364863,2.189715044675199
aee201d4-c298-4947-8377-f3b264297a68,Weekend Extravaganza 2023,Online Display Ads,2020-10-29,2020-11-12,East Coast,23785.16,210094.0,749.0,35.0,0.04672897196261682,0.0014715057624165655,14,2020,10,31.75588785046729,679.576
8f5445ca-e169-4184-a136-9d616e7027df,Holiday Extravaganza 2023,Radio Advertisement,2022-03-03,2022-06-01,In-Store Shoppers,51189.65,4043444.0,29215.0,1108.0,0.03792572308745507,0.021645000503031375,90,2022,3,1.7521701180900222,46.20004512635379
32057e76-d786-4702-9a7a-269442533230,Flash Promotion 2021,SMS Marketing,2024-03-28,2024-04-27,Middle-aged (41-60),11095.36,1019649.0,4673.0,165.0,0.035309223197089665,0.014871081244772589,30,2024,3,2.374354804194308,67.24460606060606
2174185f-8148-4afc-8a2c-4e71171a7ade,Exclusive Deals 2021,TV Advertisement,2023-02-17,2023-05-18,Kitchen Enthusiasts,101537.11,3978955.0,19467.0,458.0,0.023526994400780807,0.004510666100305593,90,2023,2,5.2158581188678275,221.69674672489083
9c5d79da-1b80-4df3-95f3-c6ad8188efa5,Holiday Promotion 2024,SMS Marketing,2020-06-27,2020-08-11,East Coast,26123.52,1012040.0,8141.0,209.0,0.025672521803218277,0.008000453231417511,45,2020,6,3.208883429554109,124.99291866028709
79971f60-bce5-4306-b48e-e10277393351,Limited Time Collection 2020,Unknown,2020-08-21,2020-09-04,Seniors (60+),34173.69,3135948.0,56400.0,1515.0,0.026861702127659575,0.04433235041343209,14,2020,8,0.6059164893617022,22.556891089108912
7845cf3a-7138-4df2-be3e-bfc16213d168,Exclusive Extravaganza 2024,Online Display Ads,2024-09-24,2024-10-24,New Customers,17944.65,1204548.0,11013.0,406.0,0.03686552256424226,0.022625127823613166,30,2024,9,1.6294061563606648,44.198645320197045
2b5a8d4b-78a5-4fd2-a09d-aa2b91b7724c,Anniversary Discount 2021,Influencer Marketing,2021-12-21,2022-01-04,Inactive Customers,44745.14,2617017.0,14120.0,682.0,0.04830028328611898,0.015241878782813061,14,2021,12,3.1689192634560905,65.60870967741936
74d96a09-a84d-4133-a00d-33be53ffb76c,Weekend Extravaganza 2023,Email Marketing,2021-08-01,2021-08-15,Midwest,28799.63,2858193.0,55509.0,1778.0,0.0320308418454665,0.06173690425883943,14,2021,8,0.5188281179628529,16.197767154105737
3832bb51-f2b0-4c4c-94a8-b7d1a727c7f6,Holiday Event 2024,Online Display Ads,2023-01-23,2023-04-23,Seniors (60+),22383.81,2051075.0,3682.0,126.0,0.034220532319391636,0.005629068509784527,90,2023,1,6.0792531233025535,177.64928571428572
716d9d59-f3f5-4f64-a2dd-4c352159c94e,Back to School Event 2020,Social Media,2020-07-25,2020-09-23,Middle-aged (41-60),30051.16,760781.0,5293.0,132.0,0.024938598148498015,0.00439250930746101,60,2020,7,5.6775288116380125,227.66030303030303
cba61b62-936e-4b40-9abd-29329d6b4a1b,Limited Time Extravaganza 2022,In-Store Promotion,2024-04-27,2024-06-26,Southern States,19128.17,111624.0,671.0,252.0,0.37555886736214605,0.01317428692865026,60,2024,4,28.506959761549922,75.9054365079365
578b5c86-505d-4418-91e5-cf0923b36f9d,Flash Blowout 2024,TV Advertisement,2023-11-02,2023-12-02,In-Store Shoppers,102403.58,472152.0,2864.0,120.0,0.04189944134078212,0.0011718340315836613,30,2023,11,35.75543994413408,853.3631666666666
98a558f9-7fb5-4f8b-af4d-b74f1a79a682,New Year Collection 2020,Email Marketing,2023-12-10,2024-01-09,Southern States,18468.61,438282.0,10309.0,211.0,0.020467552623920846,0.01142479049587381,30,2023,12,1.7915035405955961,87.52895734597156
63dc1773-9030-4025-af6b-5c601d17c485,Anniversary Sale 2024,SMS Marketing,2021-06-05,2021-07-20,In-Store Shoppers,18882.22,544608.0,782.0,25.0,0.0319693094629156,0.0013239968605386443,45,2021,6,24.14606138107417,755.2888
c5069066-41f9-49c1-801c-ee40a3245010,Holiday Discount 2024,Influencer Marketing,2023-09-14,2023-09-21,Kitchen Enthusiasts,42869.88,3243715.0,5208.0,250.0,0.04800307219662058,0.005831600181759315,7,2023,9,8.231543778801843,171.47951999999998
60e8259c-1497-4943-9ca4-123f114da46d,Back to School Promotion 2022,TV Advertisement,2024-12-16,2025-01-30,Inactive Customers,143227.2,4091098.0,10438.0,236.0,0.02260969534393562,0.0016477317157634862,45,2024,12,13.721709139681932,606.8949152542374
565a466f-71fe-41ed-836f-e5f9f6d30e0c,Summer Special 2021,Print Advertisement,2023-10-03,2023-12-02,Southern States,76067.5,2749315.0,6735.0,77.0,0.011432813659985152,0.0010122588490485424,60,2023,10,11.294357832219747,987.8896103896104
05d8ea20-b45f-40ee-be1b-0e4d02549d16,Unknown,Influencer Marketing,2024-01-22,2024-03-22,Inactive Customers,45328.14,179549.0,1258.0,42.0,0.033386327503974564,0.0009265767357760544,60,2024,1,36.03190779014309,1079.2414285714285
e89ebd0e-3122-470c-879c-8cfe54c83d20,Winter Collection 2022,Social Media,2022-12-18,2023-03-18,Loyal Customers,34722.72,1938590.0,17999.0,893.0,0.04961386743707984,0.025718031306303193,90,2022,12,1.9291471748430469,38.88322508398657
d2ea3c5c-edd1-440e-bffa-e89a779d2832,Fall Event 2021,Online Display Ads,2023-12-29,2024-02-12,Middle-aged (41-60),47025.5,3398880.0,22277.0,796.0,0.035731920815190554,0.016926986422260263,45,2023,12,2.1109440229833463,59.07726130653266
164f5d5d-7170-4cb3-8161-4c46dded7cd1,Limited Time Blowout 2020,Search Engine Marketing,2024-06-29,2024-08-13,All Customers,13067.69,1133844.0,44577.0,5178.0,0.11615855710343899,0.39624447779217287,45,2024,6,0.2931487089754806,2.5236944766319045
c272f7a3-319b-4f5e-9066-c2dc9812bceb,Anniversary Extravaganza 2022,Print Advertisement,2021-08-27,2021-09-26,Loyal Customers,23359.29,1570842.0,10467.0,485.0,0.04633610394573421,0.020762617356948777,30,2021,8,2.23170822585268,48.16348453608248
aedad518-49f9-47f7-b515-249d7268f41b,Spring Collection 2023,Email Marketing,2021-11-14,2021-12-14,Adults (26-40),6534.09,276410.0,4631.0,357.0,0.07708918160224573,0.05463652934073451,30,2021,11,1.4109458000431871,18.3027731092437
45f801e7-f299-4ce3-8517-3e142f072ffc,Exclusive Discount 2021,In-Store Promotion,2020-08-05,2020-10-04,Middle-aged (41-60),19026.36,1426912.0,5009.0,1921.0,0.3835096825713715,0.10096518724548469,60,2020,8,3.798434817328808,9.904403956272775
7ee81399-5586-4063-aa94-67140318eeea,VIP Bonanza 2022,Search Engine Marketing,2022-10-09,2022-10-16,Midwest,30579.95,128888.0,9876.0,611.0,0.06186715269339814,0.01998041200198169,7,2022,10,3.096390238963143,50.049018003273325
e3a22946-a46d-4a17-90b1-e540cc55fc21,Weekend Bonanza 2022,Search Engine Marketing,2024-06-13,2024-09-11,Home Improvement,13262.16,1168604.0,76377.0,8748.0,0.11453709886484151,0.6596210572033515,90,2024,6,0.173640755724891,1.5160219478737997
e6cdb1f3-8768-4404-b775-e830ab7c8575,Spring Discount 2022,Influencer Marketing,2022-04-03,2022-04-17,Young Adults (18-25),54080.16,3308640.0,10283.0,321.0,0.03121657103957989,0.005935633326528619,14,2022,4,5.259181172809492,168.47401869158878
4e544bff-b751-40e7-8e8c-c71d4659b5c0,New Year Collection 2021,Online Display Ads,2024-02-02,2024-02-09,Middle-aged (41-60),41999.51,2455896.0,22562.0,719.0,0.03186774222143427,0.01711924734359996,7,2024,2,1.8615153798422126,58.41378303198888
b2aedde0-51ac-4b5b-964e-61516b00c60f,Summer Special 2020,Influencer Marketing,2024-06-14,2024-06-21,All Customers,29159.37,588109.0,3975.0,196.0,0.04930817610062893,0.00672168157268144,7,2024,6,7.335690566037735,148.77229591836735
1bb1316d-b5a9-4386-bdc3-78047c406afa,Anniversary Deals 2023,SMS Marketing,2023-12-02,2024-03-01,High-Value Customers,24430.78,850806.0,5346.0,170.0,0.03179947624392069,0.006958435219833341,90,2023,12,4.569917695473251,143.7104705882353
369841a2-1893-4e1e-8d5d-3648d06ee408,Clearance Extravaganza 2022,Online Display Ads,2020-05-29,2020-07-28,In-Store Shoppers,10149.7,590148.0,1483.0,1483.0,1.0,0.14611269298599958,60,2020,5,6.844032366824006,6.844032366824006
250b68cd-0c2f-429a-a6a2-5e7f74f8794c,Weekend Bonanza 2024,Print Advertisement,2023-02-08,2023-03-10,Southern States,55433.31,2344285.0,21773.0,369.0,0.016947595645983558,0.006656647420116173,30,2023,2,2.545965645524273,150.22577235772357
b2467dac-9479-4c7f-9c5f-4a732748447b,Clearance Extravaganza 2023,Radio Advertisement,2020-09-15,2020-12-14,Adults (26-40),68263.32,5058400.0,45666.0,2035.0,0.04456269434590286,0.029811031751751888,90,2020,9,1.4948390487452372,33.544628992628994
2b23c953-1adb-429b-abc4-f03c98004771,Flash Special 2021,Search Engine Marketing,2024-06-16,2024-08-15,Midwest,39929.61,1433229.0,63373.0,5151.0,0.08128067157937924,0.12900201128936645,60,2024,6,0.6300729017089297,7.75181712288876
17c199ea-899e-42d2-acb4-563f75271715,Exclusive Blowout 2022,Social Media,2021-12-23,2021-12-30,Middle-aged (41-60),45261.74,1566830.0,12705.0,306.0,0.024085005903187722,0.006760676898413539,7,2021,12,3.5625139708776072,147.91418300653595
f0162c79-830a-46ef-85c6-f86796d016a7,Summer Collection 2024,Radio Advertisement,2021-10-20,2021-12-04,Inactive Customers,177945.48,12015786.0,67225.0,3264.0,0.04855336556340647,0.018342696875469945,45,2021,10,2.647013462253626,54.51761029411765
b7968718-3a68-43e7-b62e-ea66db65a1ce,Back to School Sale 2022,Radio Advertisement,2024-04-13,2024-05-13,In-Store Shoppers,186115.81,12468419.0,57219.0,2538.0,0.04435589576888796,0.013636670629969587,30,2024,4,3.252692462293993,73.33168242710796
